date,repo
2026-02-10,01steven07/golf-dashboard
2026-02-10,0xHoneyJar/arrakis
2026-02-10,11e3/crypto-bot
2026-02-10,11e3/crypto-lab
2026-02-10,16Miku/Happy-Vibe
2026-02-10,16Miku/LangChain-Agent
2026-02-10,2389-research/barnstormer
2026-02-10,2rly/Shebang
2026-02-10,514-labs/moosestack
2026-02-10,53947/swipesblue
2026-02-10,7D-Solutions/7D-Solutions-Modules
2026-02-10,AIPowerGrid/grid-inference-worker
2026-02-10,AJV009/goafeb2026
2026-02-10,ANRGUSC/everlast-protocol
2026-02-10,AThymeToHeal/AThymeToHeal
2026-02-10,AX-BD-Team/Discovery-X
2026-02-10,AgasiArgent/kvota-onestack
2026-02-10,Alejfanjul/ai-brain
2026-02-10,AlexisLaporte/headless-crm
2026-02-10,Alnotha/FlowState
2026-02-10,Alpaca-Network/gatewayz-frontend
2026-02-10,AnalineS/roteirosdedispersacao
2026-02-10,AnarchySC/galleray
2026-02-10,AndersD76/portalpili-producao
2026-02-10,Anirach/ai-research-dashboard
2026-02-10,AnonymousScripting/CFC-Website
2026-02-10,Anspar-Org/elspais
2026-02-10,Aqsariasat123/SMECertificationPortal
2026-02-10,AquaScopeApp/AquaScope
2026-02-10,Atlas-designer/Grotrack
2026-02-10,Aurigital/galileo-finance
2026-02-10,AztecProtocol/aztec-packages
2026-02-10,BV-BRC/BV-BRC-Web
2026-02-10,Bariskaya07/UAVScenes-Benchmark
2026-02-10,Basbr26/dirq-solutions-crm-websites
2026-02-10,Baswouelle/webflow-scheduler
2026-02-10,Become-A-Cloud-Developer/CLO25-Hugo-Site
2026-02-10,Bemerick/CORTAP-RPT
2026-02-10,BillixOfficial/Billix
2026-02-10,BlackPixelForge/fretboard-trainer
2026-02-10,Blue-Kayn/sportsbiff
2026-02-10,BradGraber/wsb-analysis-clyde
2026-02-10,Brandondaymdr/condo-bookkeeper
2026-02-10,BrianCLong/summit
2026-02-10,BryanApellanes/bam.protocol
2026-02-10,BryanApellanes/bamtk
2026-02-10,CALILU/cardtradr
2026-02-10,CCAFRICA/spm-platform
2026-02-10,Ceibatic/alquemist
2026-02-10,Chalet-Labs/contentgenie
2026-02-10,Chance101/austin-ai-events
2026-02-10,ChiFungHillmanChan/BugSpark
2026-02-10,China-Digital-Times-CDT/wepreserve
2026-02-10,ChrisBrooksbank/pandemicAI
2026-02-10,Coachskillz/jetson-media-player
2026-02-10,CodeByWaqas/valentine-proposal
2026-02-10,CodyMacMLE/athletiq-mobile
2026-02-10,ConaryLabs/Mira
2026-02-10,CreatiCalc/creaticalc.com
2026-02-10,DOTNETTMiller/traffic-dashboard-backend
2026-02-10,DaikiStudy/pdf-study-cards
2026-02-10,DakInvestor/customer-scorer
2026-02-10,DaleDamon/sipsync-prototype
2026-02-10,Danbarral2019/sitedobarral
2026-02-10,Daquinn20/TECG-EQUITY-MODEL
2026-02-10,DarthAmk97/SortMoments
2026-02-10,DaveFromSol/GDlandscaping
2026-02-10,DaveXRouz/CTC
2026-02-10,DiaaAj/moltchats
2026-02-10,Diiiploy/audienceos-command-center
2026-02-10,Dinoofeer/CRUD--Python
2026-02-10,DipFlip/UAV_swing_payload
2026-02-10,DiscoClaw/discoclaw
2026-02-10,Donrington/myrakelehercleaning
2026-02-10,DrorLazar-Sett/Dave
2026-02-10,Dwellverse/DigiBoard
2026-02-10,DylanP97/next-wolvesville
2026-02-10,DylanP97/node-wolvesville
2026-02-10,Educ8r-Cre8r/sias2
2026-02-10,ErikM1974/pricing-indexfile-2025
2026-02-10,ErnestoGR98/Agente-Programacion-Pespunte
2026-02-10,Esc861/spellstacks
2026-02-10,Esta222/stackpicker
2026-02-10,EugedeTomaso/experiments
2026-02-10,EuphoriaLux/Multi-Domain-Django-Platform
2026-02-10,Eventual-Inc/Daft
2026-02-10,EvrynInc/_evryn-meta
2026-02-10,FallicoFunctions/OmniNudge
2026-02-10,Faresabdelghany/PMS
2026-02-10,FayceMOTIV/el-mouhssinine
2026-02-10,FayceMOTIV/fastgross-pro
2026-02-10,FreedomEXE/cks-portal
2026-02-10,Fugerson/ministrify
2026-02-10,Fulcria-Labs/fulcria-labs.github.io
2026-02-10,Gaskony-Ignition/ignition-toolbox
2026-02-10,GerardRojas/NGM_FastAPI
2026-02-10,Ghatage/zeppelin
2026-02-10,GiacomoGonzales/cobrify
2026-02-10,Git-Historian/WebApp
2026-02-10,GlassbeeGame/severin-cleaners-website
2026-02-10,Glomskib/tts-engine
2026-02-10,GobbyAI/gobby
2026-02-10,GratefulWorkspace/lobsterd
2026-02-10,GuvensConsultora/lupatini_nc_reintegrar_valores
2026-02-10,Gwendal9/infonexus
2026-02-10,HanzoRazer/luthiers-toolbox
2026-02-10,HarryBurdett/harryslosthisrag
2026-02-10,HarryBurdett/llmragsql
2026-02-10,HealthNoteLabs/RUNSTR-Website
2026-02-10,HiFaraz/streamctl
2026-02-10,HinaHoku1222/Alder-Cairn
2026-02-10,HoracioGutierrez/notear
2026-02-10,HugoAstudilloP/leia-legal
2026-02-10,IONIS-AI/ionis-training
2026-02-10,IamMohitM/material-requirements
2026-02-10,Iamenzoterra/cmsms-custom-cursor
2026-02-10,IgorGanapolsky/Random-Timer
2026-02-10,Innovat3Solutions/Innovat3-Solutions
2026-02-10,JBedichek/Kolmogorov-MoE-Architecture
2026-02-10,JCAMPanero23/JcampForexTrader
2026-02-10,JDerekLomas/quantuminspire
2026-02-10,Jackson-DM/CoopBuddy-AI-Agent
2026-02-10,JamesPagetButler/QBP
2026-02-10,JayyyBTh/sos-maths
2026-02-10,JoeWhiteJr/Utah-Valley-Research-Lab
2026-02-10,JohnConnorCode/roofing-made-easy
2026-02-10,Jonathan-Lukwichi/afriplan-ai
2026-02-10,JonnyWalker81/query-crafter
2026-02-10,Joomla-Bible-Study/Proclaim
2026-02-10,JosephPark1977/Manuals
2026-02-10,JuanPaVelandia/odoo-secadora
2026-02-10,JustMaier/claude-notify
2026-02-10,KI7MT/ki7mt-ai-lab-training
2026-02-10,KairiOnyuta/conepilot.github.io
2026-02-10,Katello/katello
2026-02-10,Kilikiana/warrior_live
2026-02-10,Kvkthecreator/yarnnnn
2026-02-10,LASPAD-ORG/santaane-plateform-web
2026-02-10,LBranigan/Pacer
2026-02-10,LadFoxTom/PROD-LadderFox
2026-02-10,LadFoxTom/hirekit
2026-02-10,LadFoxTom/hirekit-app
2026-02-10,LarjGit/edinburgh-finds
2026-02-10,LeonardSibelius/engine-room-ai
2026-02-10,Lew-Ashby/technical-analysis-api
2026-02-10,Liquid4All/docs
2026-02-10,LoqdInDev/wardkey-server
2026-02-10,LucaBras1/VertiGo-SaaS
2026-02-10,MDx-Vision/nicehr
2026-02-10,METR/inspect-action
2026-02-10,Matrixx12345/eventbuzzer-homepage
2026-02-10,Medisiva/voice-toolkit
2026-02-10,MemberJunction/MJ
2026-02-10,Metapocrates/certifiedSliders
2026-02-10,NEAR-DevHub/treasury26
2026-02-10,NEURALMORPHIC-FIELDS/SAB-BYON-OMNI
2026-02-10,NateBarnes/grimoiresync
2026-02-10,NolanFox/rhodesli
2026-02-10,Nub/bevy_terminal_emu
2026-02-10,OHovey/KickLeague
2026-02-10,OSU-NLP-Group/Mind2Web-2
2026-02-10,Okeysir198/P20260105-claude-agent-sdk
2026-02-10,OpenEventKit/event-site
2026-02-10,OpenRouterTeam/spawn
2026-02-10,Oufdeladingue/PronoHub
2026-02-10,PabloLION/agent-console-dashboard
2026-02-10,Paco-Pereira/Audit
2026-02-10,PanelBox-Econometrics-Model/panelbox
2026-02-10,Parapet-Tech/parapet
2026-02-10,ParkWardRR/weekend-to-release
2026-02-10,PedroTalalayv/portifolio
2026-02-10,PeonPing/peon-ping
2026-02-10,PhilipMathieu/maine-bills
2026-02-10,ProofHoldings/docs
2026-02-10,Pseudo-Lab/recsys_service_deployment
2026-02-10,Psychiapp/my-project
2026-02-10,QR-Madness/diagrammer
2026-02-10,Quadco-Consults/mofad-fe
2026-02-10,Qwotaca/Qwota-app-dev
2026-02-10,ROCm/TheRock
2026-02-10,RackAttack86/Leet-Claude
2026-02-10,RandyVollrath/ticketlesschicago
2026-02-10,RavindraTarunokusumo/RAG-Notion-Project
2026-02-10,Reece-Nunez/truvino
2026-02-10,RegenHub-Boulder/schellingpointapp-new
2026-02-10,Renagang21/o4o-platform
2026-02-10,ResurrectedTrader/D2BotNG
2026-02-10,RobertoCZapata/iprova-web
2026-02-10,RoboNater/plotevusk
2026-02-10,Roverlucas/genai-reproducibility-protocol
2026-02-10,Ryan4n6/MASS-Trap
2026-02-10,RyanNieds107/New-York-City-Surf-Co.-
2026-02-10,RyanSaxe/magic-the-battling
2026-02-10,RyeMcKenzie81/ryan-viral-pattern-detector
2026-02-10,SalehHamed1978UAE/premisia
2026-02-10,Sarwan111/proposal-md
2026-02-10,Scaffald/sdk
2026-02-10,Scdouglas1999/Paracord
2026-02-10,Scopewright/scopewright
2026-02-10,SeanShubin/warden
2026-02-10,Seb005/cjeao-tableau
2026-02-10,Shock-Nin/MyTool
2026-02-10,Shteeb7/neverending-story-api
2026-02-10,SigurdurVilhelmsson/namsbokasafn-efni
2026-02-10,Sinity/polylogue
2026-02-10,SireJeff/hasanshiri.online
2026-02-10,SiteMonkeysAI/sitemonkeys-ai-system
2026-02-10,SleepyJP/DigitalForge
2026-02-10,SpillwaveSolutions/agent-brain
2026-02-10,Sponsorn/streamloop
2026-02-10,StacksTasker/stackstasker-app
2026-02-10,Starslider/kubernetes-demo
2026-02-10,StephKoenig/ComPlexionist
2026-02-10,StoaChain/stoa-chain
2026-02-10,SunFlash12/ForgeV3
2026-02-10,Syed-Hamza-Ali-8/Autonomous-FTEs
2026-02-10,TEAMHMC/Check-Yourself
2026-02-10,TEAMHMC/Event-Finder-Tool
2026-02-10,TEAMHMC/Resource-Directory
2026-02-10,TEAMHMC/hmc-volunteer-portal
2026-02-10,TECBURST/web-SecureBeam
2026-02-10,TLSchofield/mowology-crm
2026-02-10,TWLS151/Soootudy
2026-02-10,Tasm-Devil/Onitama
2026-02-10,Telepatia-AI/telepatia-direct-integration-app
2026-02-10,The-Vibe-Company/companion
2026-02-10,TheAndrewww/3g-velarias
2026-02-10,TheApexWu/eyes-on-the-street
2026-02-10,ThePatelGroup/Solvewise
2026-02-10,Thedurancode/CODELIVE-FINAL
2026-02-10,TimLCooley-SGS/core
2026-02-10,TonyMoen/ki-musikk
2026-02-10,Toyopita/automation-hub
2026-02-10,TrentSterling/EOS-Native
2026-02-10,Troules/sncf-train-schedule
2026-02-10,TyMurrayELM/Direct-Labor-Calculator
2026-02-10,UBIpromoter/SquigWord
2026-02-10,UnlikeOtherAI/steroids-cli
2026-02-10,UserLevelUp/recur
2026-02-10,ValtronXRP/church-grok-chat
2026-02-10,VincentKaufmann/noapi-google-search-mcp
2026-02-10,WATonomous/watcloud-website
2026-02-10,WECONN3CT/Ordable
2026-02-10,WECONN3CT/ordablelanding
2026-02-10,WGlynn/VibeSwap
2026-02-10,WGlynn/vibeswap-private
2026-02-10,WaveSpeedAI/wavespeed-desktop
2026-02-10,WayneMRoseberry/statemaker
2026-02-10,WhatIfWeDigDeeper/agent-skills
2026-02-10,WhatIfWeDigDeeper/application-tracker
2026-02-10,WilliamJin123/Trace
2026-02-10,XOOPS/XoopsCore25
2026-02-10,Yehor212/people-first-app
2026-02-10,Youngger9765/knee-guide-demo
2026-02-10,Yugoge/travel-planner-graph
2026-02-10,YvesMatteo/VibeCodeDetector
2026-02-10,ZZZSTUDIOS/RBS-PM
2026-02-10,Zettelgarden/Zettelgarden
2026-02-10,a-sumo/eywa
2026-02-10,aaajiao/VIZ
2026-02-10,abattenb/scramble
2026-02-10,abdielou/sac-website
2026-02-10,adam-cott/nba7
2026-02-10,adamchain/onstride
2026-02-10,adbc-drivers/databricks
2026-02-10,adbloomteam/v3-admin
2026-02-10,adima959/vl-marketing-tool
2026-02-10,adriancrook/agc-content-engine
2026-02-10,adrianosousa/tzimtzum
2026-02-10,adrianwedd/cv
2026-02-10,adyckman/gpsclock
2026-02-10,aenrichus/code-portal
2026-02-10,agi-inc/agi-cli
2026-02-10,agi-inc/agi-node
2026-02-10,agilenature/causal-trading-intelligence
2026-02-10,agilenature/modernizing-tool
2026-02-10,ainfrastructure/clawlegion-web
2026-02-10,ajithksenthil/Omnidream
2026-02-10,ajsmith607/woodhull-sentinel-website
2026-02-10,akenel/helixnet
2026-02-10,alairdata/su-ai
2026-02-10,aleix-canet/whatsapp-clone-starter
2026-02-10,aleksandr-bogdanov/whendoist
2026-02-10,alexandre-langlais/mogogo
2026-02-10,alexboissAV/artefact-mcp-server
2026-02-10,alexeyyagich-cpu/hookah-mix-mvp
2026-02-10,alexnodeland/StatusBar
2026-02-10,alfredjeanlab/coop
2026-02-10,alleato-llc/libav-kit
2026-02-10,altairtarazet-del/xdfcv
2026-02-10,amak07/acr-automotive
2026-02-10,amarmehdaouiocb/site-radi
2026-02-10,amd/gaia
2026-02-10,amiable-dev/conductor
2026-02-10,amirtaha-aos/feed-formulation-pro
2026-02-10,amun-ai/hypha
2026-02-10,amurella/PersonalWebsite
2026-02-10,andrea-antal/drealabs
2026-02-10,andreasscheruebl-cmyk/praxispuls
2026-02-10,andyhartzler/moyd-events
2026-02-10,angelasoulcompanion/AngelaAI
2026-02-10,anna-money/marshmallow-recipe
2026-02-10,anon11413/Render-Comp-Sim
2026-02-10,anonfortyseven/validate-proposal-machine-v3
2026-02-10,anthonyscry/LabBuilder
2026-02-10,aolsenjazz/ai-game
2026-02-10,apitlekays/spectre-ui
2026-02-10,aponntsuite2007/aponntsuites
2026-02-10,approxinfinity/AnotherMolt
2026-02-10,araroot/themes
2026-02-10,arbgjr/sdlc_agentico
2026-02-10,arfrank/valuation-framework
2026-02-10,ariannamethod/ariannamethod
2026-02-10,asciinema/asciinema
2026-02-10,audit-biais/Audit-biais
2026-02-10,automatizando-mkt/passagem
2026-02-10,avinoamMO/ScreenshotRace
2026-02-10,avinoamMO/cowork-bridge
2026-02-10,avinoamMO/vibe-command
2026-02-10,aws-observability/aws-otel-js-instrumentation
2026-02-10,babailov/decantd
2026-02-10,back2zion/asan
2026-02-10,backcoin-org/backchain-dapp
2026-02-10,bae-fm/bae
2026-02-10,baitursagynbekov3-stack/Demo-site-Kvantum
2026-02-10,bartekfi/fatigue-meter
2026-02-10,bbidwell85/Totality
2026-02-10,bejarcarlosm/agentboss
2026-02-10,bejranonda/FindYourShade
2026-02-10,benbrastmckie/nvim
2026-02-10,benpm/bj7_game
2026-02-10,bflin28/votemapper
2026-02-10,bgorhoball/stock-screen
2026-02-10,bhartnell/pmi-scheduler
2026-02-10,bilalAmir97/Hackathon02
2026-02-10,billybjork/growthlab
2026-02-10,bis-code/testcontainers-stop-mocking
2026-02-10,bitflowcode/numerology-project
2026-02-10,bl1231/bilbomd
2026-02-10,blakebauman/ecommerce-intent-reasoning-engine
2026-02-10,blevinson/qid
2026-02-10,bmander/thecityandthebike
2026-02-10,bmatge/datasource-charts-webcomponents
2026-02-10,bnlcollectivellc/CruLinkForge
2026-02-10,bobbyburns1989/customsubs
2026-02-10,bobisme/maw
2026-02-10,bradmccloskey/network-diagram-generator
2026-02-10,bradyoo12/ai-dev-request
2026-02-10,brandonkxo/HarmonicGearTeethGenerator
2026-02-10,brendandelta/arrow-crm-backend
2026-02-10,brendandelta/arrow-crm-frontend
2026-02-10,brettadin/spectra-app-v2
2026-02-10,briegalesrls-coder/antitesi-website
2026-02-10,brighter87-star/breakout_spotter
2026-02-10,brinzunza/brain
2026-02-10,bryce-dotcom/job-scout-web
2026-02-10,bsphinney/DE-LIMP
2026-02-10,buildLittleWorlds/engl170-spring2026-dashboard
2026-02-10,bureau-foundation/bureau
2026-02-10,cankoe/count.live
2026-02-10,cap-collab/channel-app-website
2026-02-10,carboni123/llm-factory-toolkit
2026-02-10,cardosofede/banda_imaginaria
2026-02-10,carlgrosser/oasis-fsm-pwa
2026-02-10,carlosvidal/Bottarot-FrontEnd
2026-02-10,caseyram/quick-vote
2026-02-10,cassiocassio/bristlenose
2026-02-10,cbrown350/coopcontroller
2026-02-10,cbusireddy/aie
2026-02-10,cebartling/nfl-draft-2026
2026-02-10,chainswarm/analyzers-baseline
2026-02-10,charlesjohnson/arcane-dice-tower
2026-02-10,chiefnavajo/aimoviez
2026-02-10,chnm/popquiz
2026-02-10,chrisbraddock/shellkit
2026-02-10,chriscook8/typeractive-corne-zmk-dongle
2026-02-10,chrisgallivan123/mysite
2026-02-10,chrisguidry/docket
2026-02-10,christopher-nance/Sonnys-Data-API-Client
2026-02-10,christopherkurtz96-create/forgoodmizzou
2026-02-10,cipher982/longhouse
2026-02-10,citterly/telemetry-analyzer
2026-02-10,cjblain10/tx-sentiment-landscape
2026-02-10,cjunks94/stoatchat-infra
2026-02-10,cleanwalkerrobotics/cleanwalkerrobotics
2026-02-10,cmcneilly0108/dafl
2026-02-10,coffee-cpu/capital-gains-uk-101
2026-02-10,cogeor/speaktolearn
2026-02-10,consoleLogUser/europliage-website
2026-02-10,convyrtech/tg124124
2026-02-10,cookyman74/agent_cli
2026-02-10,coopergwrenn/clawlancer
2026-02-10,coreconsultingit/autocodedemo
2026-02-10,costa-rica/KyberVision22API
2026-02-10,costa-rica/KyberVision22Db
2026-02-10,costa-rica/KyberVision22Manager
2026-02-10,coveplatform/soundcheck
2026-02-10,croxtonveryepic/LevelUp
2026-02-10,cschung7/WWAI-KRX-Sector-Rotation
2026-02-10,ctf2009/ajaas
2026-02-10,cullenrowe/sweet_firstie_git
2026-02-10,cversek/MacEff
2026-02-10,cwcorella-git/rstu-connect
2026-02-10,czei/themeparkhallofshame
2026-02-10,da7a90-backup/avrunpodserverless
2026-02-10,dadiyorto-wendi/dwd-sws-vis
2026-02-10,daishiman/AIWorkflowOrchestrator
2026-02-10,dannyatorres/MAIN-MCA-AGENT-
2026-02-10,darcuri/wan-router-notifications
2026-02-10,davidrimshnick/GameBench
2026-02-10,dbreck/tablex-quoting-dashboard
2026-02-10,dcdhameliya/dhruvaldhameliya-web
2026-02-10,deadjay/takt
2026-02-10,debeurre/project-gardenrealm
2026-02-10,debog/exaepi_cases
2026-02-10,deflating/memorable-plugin
2026-02-10,dekada72h/Agencja
2026-02-10,demilio24/CS-Infraestructura
2026-02-10,dennishorte/battlestar
2026-02-10,design-link-org/static-site-translator
2026-02-10,dev-cyprium/sneakerhedonism
2026-02-10,developerz-ai/claude-task-master
2026-02-10,dfield18/ai-visibility-frontend
2026-02-10,digisapp/exa-platform
2026-02-10,digit2ai/RinglyPro-CRM
2026-02-10,directorhagi/my-ai-studio
2026-02-10,diveprofundum/profundum
2026-02-10,dizzlizm/complens.ai.web
2026-02-10,djlactose/dinnerRoulette
2026-02-10,domin0z/ZeroInstall
2026-02-10,driftcornwall/drift-memory
2026-02-10,drjavaxml/HouseColors
2026-02-10,ducbaqq/lineapelle
2026-02-10,dunktra/DermaCheck
2026-02-10,dweinbeck/dave-ramsey
2026-02-10,dyad-sh/dyad
2026-02-10,dylanell/ml-project-template
2026-02-10,eabugauch/zenithpay-retry
2026-02-10,eburairu/baby-app
2026-02-10,ecoffie/market-assassin
2026-02-10,eddycek/bfautotune
2026-02-10,edwardtogher/speaktoeva-website
2026-02-10,ekrose/e4e-spring-2026
2026-02-10,elcorreveidile/oral7
2026-02-10,elev8tion/aismbFE
2026-02-10,elgranjm3000/erp
2026-02-10,eli-newman/flick2split_frontend
2026-02-10,elie222/inbox-zero
2026-02-10,eltmon/panopticon-cli
2026-02-10,elucidsoft/ori_term
2026-02-10,emafree/ritmo
2026-02-10,emanuelerosato/danzafacile
2026-02-10,eschnei/rolodex
2026-02-10,ewills88/unbind-platform
2026-02-10,ewise123/ssa-intelligence
2026-02-10,eyenpi/sticker-generator
2026-02-10,ezzuldinSt/Sarhni
2026-02-10,fa-krug/tic
2026-02-10,fabkury/makapix
2026-02-10,fahdr/portkey
2026-02-10,fbwiqb/cnsa-science-interview
2026-02-10,felipesac/finhealth-frontend
2026-02-10,ferundatattoo/ferunda
2026-02-10,festivalshot/festivalshot.github.io
2026-02-10,filippmiller/jakebuysit
2026-02-10,filippmiller/sloboda
2026-02-10,filmdc/threadscope
2026-02-10,fjaycandido99-afk/momentum
2026-02-10,fleet-ai/fleet-research-scripts
2026-02-10,foie0222/baken-kaigi
2026-02-10,freakyflow/garminskill
2026-02-10,friendly/vcdExtra
2026-02-10,frogody/app.isyncso
2026-02-10,frogqween/ORCA
2026-02-10,funkydonkey/concierge-app
2026-02-10,gabrilend/gen-realms
2026-02-10,garnix-io/garn2
2026-02-10,garycl/AirportData
2026-02-10,gdogra/refract.trade
2026-02-10,george-popescu/stoa-chain
2026-02-10,geraldsummers/Datamancy
2026-02-10,gestrich/PRRadar
2026-02-10,getevidly/evidly-app
2026-02-10,getsentry/warden
2026-02-10,ggarciaperion/santo-dilema
2026-02-10,gianlucasb/hallucinator
2026-02-10,gillagamjashan-design/robot-mirror
2026-02-10,gkobilansky/sweets-galore
2026-02-10,glab-dev/B.L.I.N.K
2026-02-10,gmautner/locaweb-ai-deploy
2026-02-10,gommezen/rag_writing_assistant
2026-02-10,gonsoomoon-ml/AI-Ops-Agent-AgentCore
2026-02-10,gotekna/Teeem
2026-02-10,graffio/street-curb
2026-02-10,gravito-framework/gravito
2026-02-10,grcengineering/how-to-harden
2026-02-10,grcorsair/corsair
2026-02-10,greyisworking/web3-jobs-platform
2026-02-10,grovecj/cartergrove-me
2026-02-10,grovetools/grove
2026-02-10,gsiener/chorus
2026-02-10,gtrias/refstash-skill
2026-02-10,guilhermemacielvieira-a11y/montex-erp-v5
2026-02-10,gyc567/hugo-content-web
2026-02-10,haaree/Intelliguardhr
2026-02-10,hadiazb/claude-demo-back
2026-02-10,haimiyahya/ex_iso8583
2026-02-10,haixun/agent-evaluation
2026-02-10,haiyuan-eng-google/BigQuery-Agent-Analytics-SDK
2026-02-10,hanguyen25uk-bit/hera-booking
2026-02-10,hanyki111/workflow-tool
2026-02-10,hao6yu/peon-ping-win
2026-02-10,harehimself/duxsoup-etl
2026-02-10,hashcat228/alfa-erp
2026-02-10,hassannawaz02/full-stack-todo-app
2026-02-10,havun22-hvu/Judotoernooi
2026-02-10,hectorm17/prospect-scrap
2026-02-10,helius-labs/docs
2026-02-10,hendisantika/opentelemetry
2026-02-10,hennanneh/locker-drop-shopify
2026-02-10,ho-hyung/kis-trader
2026-02-10,hollanderbart/olympics-tracker
2026-02-10,hollowsolve/aiSketch
2026-02-10,hpnas47/JP-Plus
2026-02-10,hubofwyn/WynIsBuff2
2026-02-10,hudy-team/hudy_frontend
2026-02-10,hydrosolutions/taqsim
2026-02-10,hyodotdev/openiap
2026-02-10,ian-adams/academic-website
2026-02-10,ian-sequ7/valentine
2026-02-10,ig-hwang/airflow_test
2026-02-10,igerber/diff-diff
2026-02-10,igorhaf/orbit
2026-02-10,igortullio/igortullio-ui
2026-02-10,ihong9059/today
2026-02-10,illMadeCoder/k8s-ai-cloud-testbed
2026-02-10,imorangepie20/humamAppleTeamPreject001
2026-02-10,incubyte/claude-plugins
2026-02-10,inevitable-co-ai/daemon
2026-02-10,infinityabundance/riftd
2026-02-10,interest-protocol/lattice-ui
2026-02-10,invictusro/droidproxy-api
2026-02-10,iopsystems/rezolus
2026-02-10,ipJoseph/myDREAMS
2026-02-10,ironfang-ltd/go-theatre
2026-02-10,ishandutta2007/Open-Lovable
2026-02-10,itcmsgr/nftban
2026-02-10,iupuep-ray/travel-planner
2026-02-10,jabawack81/dotfiles
2026-02-10,jacedomotz/domotz-mcp-server
2026-02-10,jacktabbiii-oss/portal-iq-web
2026-02-10,james-simon/james-simon.github.io
2026-02-10,jamesbrysmart/nonprofit-crm-twenty-fork
2026-02-10,jbennygold/transcript-app
2026-02-10,jbrandtmse/autodungeon
2026-02-10,jdx/fnox
2026-02-10,jeet-avatar/dindin-delivers
2026-02-10,jefersonalvarenga/meta-ads-actor
2026-02-10,jerome3o/claudes_home
2026-02-10,jessepike/work-mgmt
2026-02-10,jiraguha/dock
2026-02-10,jmdurant/scribe-message-watcher
2026-02-10,jmynes/punt
2026-02-10,joe-at-heirloom/joelint.github.io
2026-02-10,joehohoho/market-signal-lab
2026-02-10,joeobrien4647-png/kickoff
2026-02-10,joeobrien4647-png/tuscany-wedding
2026-02-10,joeriben/ucdcae-ai-lab
2026-02-10,joescharf/fdsn
2026-02-10,joewaltman/sdcp-social
2026-02-10,johnburry/fast-video
2026-02-10,jonhanke/nam_entropy
2026-02-10,jonnybottles/cloudpulse-support
2026-02-10,jorandcas/gestor-de-citas
2026-02-10,jordanlyall/wc26-mcp
2026-02-10,joshdholtz/homeslice
2026-02-10,joshua-klimaszewski/blob-rpg
2026-02-10,joshua-mullet-town/homestead
2026-02-10,jovoneybrown2-dot/inspection-powered-by-zo-zi-
2026-02-10,joyfountainchurch/how-to-hear-gods-voice
2026-02-10,jpvelsamy/5ive
2026-02-10,jsantibout/representu-website
2026-02-10,jsvana/carrier_wave
2026-02-10,jtmobamba/parkalot
2026-02-10,juanmicrosoft/calor
2026-02-10,juanpablorosales990/mvga
2026-02-10,jumma9124/mysport
2026-02-10,justinmvail/glossy
2026-02-10,kalinbas/chain-assassin
2026-02-10,kaluzar/plants-manager
2026-02-10,kanwia-ai/ambient-transcripts-scraper
2026-02-10,kastriasani/Pilatesstudiointeractiveapp
2026-02-10,katiahayati/supertitles-editor
2026-02-10,kazuhiko-ono/kamakura-conditions
2026-02-10,kckern/DaylightStation
2026-02-10,kevinzwang/air-traffic-control
2026-02-10,keycasey/Neon-Goals-Service
2026-02-10,kgajjala/arthos-app
2026-02-10,khadimhussain0/kiffusion
2026-02-10,khaidar-1/annotation-bridge-extension
2026-02-10,kikaihonyaku/cocosumo
2026-02-10,kimcharli/jinja2-tester
2026-02-10,kimpi32/paper-research
2026-02-10,kirbylane505/mystation
2026-02-10,kitkatbun/jimjam-flies
2026-02-10,klowe45/NotesEdu
2026-02-10,kongks5798-coder/fieldnine-landing
2026-02-10,krazyuniks/guitar-tone-shootout
2026-02-10,kuberik/openkruise-controller
2026-02-10,kubestellar/console
2026-02-10,kwv/tudomesh
2026-02-10,lacg/wnn
2026-02-10,laplagita20/ThemadHatter
2026-02-10,larpey/PreFlight-W-B
2026-02-10,latticeHQ/latticeRegistry
2026-02-10,lauvens/BibleQuest
2026-02-10,learn-automated-testing/selenium_agent
2026-02-10,leesd-pixel/mofic-publisher-partnership
2026-02-10,lektorseland/Math-RAG
2026-02-10,lessuselesss/bounty-crawl
2026-02-10,letsrevel/revel-frontend
2026-02-10,lightsparkdev/grid-api
2026-02-10,live-neon/neon-soul
2026-02-10,lmwharton/sieve-mcp
2026-02-10,locvutrunglvt/FSCFM
2026-02-10,loponai/windowsdebloat
2026-02-10,losequeira/autogen-web-tester
2026-02-10,lucadealfaro/snapshot-kernel
2026-02-10,lucasvibecoder/gtm-scorecard
2026-02-10,lukaszcz/money-split
2026-02-10,m-a-n-a-v/paymsg-specs
2026-02-10,maciekk/NoobRL
2026-02-10,mahieddine-ichir/kockpit
2026-02-10,maikify350/testapp
2026-02-10,manuelpardo1/figsamurai-website
2026-02-10,maplibre/maplibre-navigation-android
2026-02-10,marcosclavier/retirezest
2026-02-10,marianoberton/fomo-core
2026-02-10,mastra-ai/mastra
2026-02-10,mathiasj/ai-tax-expert
2026-02-10,matiaszanolli/sega-vr-disasm
2026-02-10,matrix76-cloud/withagit
2026-02-10,matt-lowe-tvg/Recipe-Creator
2026-02-10,max0925/XRbioquest
2026-02-10,maydayjay123/pyscanstr
2026-02-10,mdnishath/clientflow
2026-02-10,mediajunkie/piper-morgan-website
2026-02-10,megulus/practice-journal
2026-02-10,melbourne-disc-golf/mdgc-website
2026-02-10,melohelber/cw_challenge_frontend
2026-02-10,memory-graph/memory-graph
2026-02-10,meninoebom/breadcrumbs
2026-02-10,metinemredonmez/uzman-fly-app
2026-02-10,mgoodman60/foremanos
2026-02-10,mhhf/calc
2026-02-10,michaelagustin/agentum-web
2026-02-10,michaelkatsweb/Heronix-Application
2026-02-10,michaelkatsweb/Heronix-EdGames
2026-02-10,michaelkatsweb/Heronix-Hub
2026-02-10,michaelkatsweb/Heronix-Scheduler
2026-02-10,michaelkatsweb/Heronix-SchedulerV2
2026-02-10,michaelkatsweb/Heronix-Student
2026-02-10,michaelkatsweb/Heronix-Teacher
2026-02-10,miguel-vila/msg-2-eml
2026-02-10,mihcox/IPTVReStreamerDocker
2026-02-10,mike-mauer/issues_loop
2026-02-10,miloferenczi/tennis-coach-ai
2026-02-10,milos85vasic/Catalogizer
2026-02-10,minirez/mininext
2026-02-10,minyic7/crosshot-ai
2026-02-10,misty-step/cerberus
2026-02-10,mitchellgordon95/live_language
2026-02-10,mnemom/aip
2026-02-10,moddonthemix-lab/cravvr-landing
2026-02-10,modelcontextprotocol/typescript-sdk
2026-02-10,modousall221/iap
2026-02-10,mohibmirzausc/workspace
2026-02-10,mohsen1/tsz
2026-02-10,moltis-org/moltis-website
2026-02-10,momo-personal-assistant/openclaw-plugin
2026-02-10,momo20300/MAOS-frontend
2026-02-10,moniscient/coex-compiler
2026-02-10,montanetech/codeix
2026-02-10,morgandowney-droid/readflaneur-web
2026-02-10,morningstarnasser/morningstar-cli
2026-02-10,morphet81/cheat-sheets
2026-02-10,movito/agentive-starter-kit
2026-02-10,mqxerror/qa-guardian
2026-02-10,mrehanabbasi/nixos-dotfiles
2026-02-10,mrjimmyny/claude-intelligence-hub
2026-02-10,mrknorman/morality_engine
2026-02-10,msb-msb/mycoSwarm
2026-02-10,mshaler/Isometry
2026-02-10,msrodtn/csoki-site-selection
2026-02-10,musher-dev/mush
2026-02-10,mwiesman/ladybug-quest
2026-02-10,myfinder/IGNITE
2026-02-10,mygebruikernaam/Crane6614
2026-02-10,myrical/deckify
2026-02-10,naimbro/ml2-master-game
2026-02-10,nainajnahO/forskapong
2026-02-10,naitokosuke/blog
2026-02-10,naoto24kawa/all-day-activity-summarizer
2026-02-10,nayeem-1786/AutoDetailApp
2026-02-10,neowelt/CafAdmin
2026-02-10,nerves76/promptreviews
2026-02-10,nesnelkuram/agency-digital-showcase
2026-02-10,nichechristie/Luxbin-Quantum-internet
2026-02-10,nickloveinvesting/unshakable-empire
2026-02-10,nicolascatez-wq/automation_n8n_remarkable_aggregator
2026-02-10,niewinny/rotor
2026-02-10,nimobeeren/pips-plus
2026-02-10,nofearsk/module_pibox
2026-02-10,nolanwolfe/verg
2026-02-10,nomadkaraoke/karaoke-gen
2026-02-10,noon-org/finetype
2026-02-10,northstarhouse/nsh-events-committee
2026-02-10,notadamking/elemental
2026-02-10,notlenny2/MuscleDaddies
2026-02-10,ntunes/gorget
2026-02-10,nuragus/nuragus.github.io
2026-02-10,nycclassifieds-2026/nyc-classifieds
2026-02-10,nyklac01-bit/site-assurance-hypothecaire-IA
2026-02-10,o5555/protocol
2026-02-10,oandremendes/holeinone_microservices
2026-02-10,objetiva-comercios/objetiva-speecher
2026-02-10,obott9/obott9
2026-02-10,oeway/hypha-rpc
2026-02-10,omaryanndiabira-cyber/tempspourtemps-stseb
2026-02-10,omniharmonic/schellingpointapp
2026-02-10,onelittlenightmusic/MyWant
2026-02-10,openemr/openemr
2026-02-10,orafaelscosta/music
2026-02-10,orsonk22/OverlappingGenes
2026-02-10,osoleve/the-fold
2026-02-10,palicand/voice-controllm
2026-02-10,panoptic-labs/panoptic-helper
2026-02-10,pantry-hash/status
2026-02-10,passthekeys3/ai-voice-dashboard
2026-02-10,patrick3395/caspio-mobile-app
2026-02-10,pearmediallc/creative-library
2026-02-10,pedropaulovc/the-office
2026-02-10,pedrosavictor/pottery-mould-generator
2026-02-10,perryjm/paper-planner
2026-02-10,peterdrier/Humans
2026-02-10,philipglazman/Gefion
2026-02-10,picassoglitch/Nexo-Academy-LMS-Template
2026-02-10,pithecene-io/quarry
2026-02-10,pjjcmr-dot/Next.js
2026-02-10,plaid/payment-initiation-pattern-app
2026-02-10,pmatos/jsse
2026-02-10,pond-scumm/The-Sandwich-Horror
2026-02-10,posit-dev/positron
2026-02-10,prajaktak/PrajaktaKulkarniPortfolio
2026-02-10,prestomation/calendar-ripper
2026-02-10,prilive-com/galigo
2026-02-10,primal-host/avalauncher
2026-02-10,primal-host/crypto-avalauncher
2026-02-10,prime-radiant-inc/serf
2026-02-10,principal-ade/landing-page
2026-02-10,privilegedescalation/headlamp-polaris-plugin
2026-02-10,purplefish-ai/factory-factory
2026-02-10,pvestal/tower-echo-brain
2026-02-10,pvillega/blog-zola
2026-02-10,pvliesdonk/questfoundry
2026-02-10,qltysh/qlty
2026-02-10,quantified-uncertainty/longterm-wiki
2026-02-10,quenaisaacdayner-art/BC-RAO
2026-02-10,querypie/querypie-docs
2026-02-10,rafaellaerbella-dev/raeclinicadigital
2026-02-10,rafiahuzaifa/sharptel
2026-02-10,ramezatassi05/interview-proof-ai
2026-02-10,raphaeltm/simple-agent-manager
2026-02-10,raylee-ops/RH_MIGRATION_2026_V2
2026-02-10,reboottime/turborepo
2026-02-10,redeyepark/AEC_Coloring
2026-02-10,redeyes420dev/claude-rlm-installer
2026-02-10,ref-nidau-ch/churchtools-pdfcalendar-extension
2026-02-10,rerun-io/rerun
2026-02-10,rezwans1027/repofy
2026-02-10,rfarias23/BlackGems
2026-02-10,rich682/vergo-email
2026-02-10,ricmelts/viaveri-website
2026-02-10,riemannzeta/patent_mcp_server
2026-02-10,riffcc/lagoon
2026-02-10,rinseeprince/fitstop
2026-02-10,rlatjdgus3-cyber/trading-bot
2026-02-10,rmisegal/Q21G-player-whl
2026-02-10,rmisegal/Q21G-referee-whl
2026-02-10,rmoralez/pos
2026-02-10,roaringsurfdev/training-dynamics-workbench
2026-02-10,robinmordasiewicz/f5xc-template
2026-02-10,roborev-dev/roborev
2026-02-10,roborev-dev/roborev-docs
2026-02-10,robotomax11-sudo/portfolio
2026-02-10,rodemore/DSPath
2026-02-10,rodger-blip/creator-outreach-platform
2026-02-10,rodrigowindows/minimal-idea-spark
2026-02-10,ronfeathers-LD/luci-crews
2026-02-10,rosswilliamsdev/guitar-strategies-app
2026-02-10,royaltaay/workout
2026-02-10,royerlab/litemind
2026-02-10,rsonnad/alpacapps
2026-02-10,rubyad/blockster_v2
2026-02-10,rudder-framework/manifold
2026-02-10,rushdatamx/presentaciones4buddies
2026-02-10,rushdatamx/presentacionesdelikos
2026-02-10,ruvnet/claude-flow
2026-02-10,rwtennant/qupi
2026-02-10,s-m-glitch/tudor-watch-finder
2026-02-10,saadjennane/verifolio
2026-02-10,saalfeldlab/NeuralGraph
2026-02-10,sabrish/power-platform-solution-blueprint
2026-02-10,safe-t-ai/safe-t-ai.github.io
2026-02-10,safecarfor-source/dreaming-mech
2026-02-10,sanohiro/bcon
2026-02-10,sanoi011/inpick-app
2026-02-10,santijank/competmanager-backend
2026-02-10,scbrown/bobbin
2026-02-10,schalappe/weathflow
2026-02-10,scottxxxxx/RedGuard
2026-02-10,seanGSISG/.dotfiles
2026-02-10,seanRoshan/portfolio-2026
2026-02-10,seancope357/sequencehub-marketplace
2026-02-10,secure-auto-lab/article-publisher
2026-02-10,serenumai/castalot-receiver
2026-02-10,sergio0p/E101H
2026-02-10,shapedthought/owlctl
2026-02-10,sherkevin/whyme
2026-02-10,shiukaheng/todo-docker-compose
2026-02-10,shiukaheng/todo-gui
2026-02-10,shortalex12333/Cloud_PMS
2026-02-10,siddha1/lpipes
2026-02-10,signalwire/signalwire-agents
2026-02-10,sinh-x/avodah
2026-02-10,siphio/piv-dev-kit-agentic
2026-02-10,siva-sakti/holy-twitter
2026-02-10,skeptomai/living-hinge-generator
2026-02-10,sklaff2a-gif/promethee-nexus
2026-02-10,skyweb/scaraping_events
2026-02-10,slimcdk/go-eloverblik
2026-02-10,smannam77/chem169_llm_grader
2026-02-10,solif-shinhan/blue-sol-front2.0
2026-02-10,sonawaneamit/meatzy-website
2026-02-10,songadaymann/clickstrv2
2026-02-10,songadaymann/mann-cool
2026-02-10,sparloai/sparlo-v2
2026-02-10,speakeasy-api/gram
2026-02-10,spencerschack/sch
2026-02-10,spencersharpe-dev/wmc-products
2026-02-10,spiri-group/saas
2026-02-10,splitleaseteam/splitlease_monorepo
2026-02-10,sriverag/bad-bunny-trajectory
2026-02-10,ssiannas/diploma-thesis
2026-02-10,stSoftwareAU/NEAT-AI
2026-02-10,stacklok/toolhive
2026-02-10,stevemance/thumbsup
2026-02-10,stevewash123/ConsignmentGenie_API
2026-02-10,stevewash123/ConsignmentGenie_UI
2026-02-10,steveyegge/gastown
2026-02-10,stikman28/fir-risk-intelligence
2026-02-10,stikman28/fir-risk-website
2026-02-10,stomashevsky/folio-app
2026-02-10,stuart5915/suitegpt
2026-02-10,stypcanto/mini_proyecto_cenate
2026-02-10,sudoremo/dot
2026-02-10,sugiwe/routine-2026
2026-02-10,suislanchez/polymarket-kalshi-weather-bot
2026-02-10,supergeri/amakaflow-ui
2026-02-10,support-quantrock/flutter-app
2026-02-10,syedrab/BiteMap-LandingPage
2026-02-10,systeminit/swamp
2026-02-10,tahy2201/gmail-filter-manager
2026-02-10,takubon0202/if-datapack
2026-02-10,tamiravital/Toney
2026-02-10,tapaskroy/watchagent
2026-02-10,tarekBassiouny/najaah-backend
2026-02-10,tareqmelfi/fcai-platform
2026-02-10,tarokuma555-maker/fortune-platform.jsx
2026-02-10,tashfeenahmed/scallopbot
2026-02-10,tdaniel1925/easemail-terminal
2026-02-10,tdi-ai-create/tdi-website
2026-02-10,tennis-registration-app/NOLTCsignup
2026-02-10,tenorioabsgit/iptv
2026-02-10,tera-mode/mecraft
2026-02-10,termau/binarylane-mcp
2026-02-10,tgallot/Granular_class
2026-02-10,thedatagata/gata-platform
2026-02-10,thegrihome/TheGrihomeUI
2026-02-10,themeshri/journalio
2026-02-10,theopenco/llmgateway
2026-02-10,thevibeworks/claude-reads-hn
2026-02-10,thobiasn/tori-cli
2026-02-10,thomhurst/Dekaf
2026-02-10,thsdeveloper/estoque-brasil
2026-02-10,thunter009/prompt-workbench
2026-02-10,tilework-tech/nori-skillsets
2026-02-10,timmaaaz/ichor
2026-02-10,timogilvie/wavemill
2026-02-10,timothyvibert/Options-Tool-Python
2026-02-10,tinytoolsllc/ai-patch-notes
2026-02-10,titomb345/billbergquist.com
2026-02-10,tjamescouch/theswarm
2026-02-10,tjmgregory/gregory.sh
2026-02-10,tlcharchar/databricks-medallion
2026-02-10,tlossmtgboss-cyber/mortgage-crm
2026-02-10,tmelvin-bc-web3/collateral-combat
2026-02-10,tmoody1973/redlined
2026-02-10,tnndbtc/trend
2026-02-10,tnormington/habit-tracker
2026-02-10,toddtsic/TSIC-Core-Angular
2026-02-10,tokuhirom/mutsu
2026-02-10,tomotos141/evangelion_survival_protocol
2026-02-10,tomymaritano/readide
2026-02-10,totallyGreg/claude-mp
2026-02-10,toyiyo/nimble-pnl
2026-02-10,trie0000/trie0000.github.io
2026-02-10,troyhoffman-oss/flow-plugin
2026-02-10,trudenboy/msx-music-assistant
2026-02-10,tursodatabase/turso
2026-02-10,twelve20/penstation
2026-02-10,twentyhq/twenty
2026-02-10,twoskoops707/Pen15
2026-02-10,tyson-yobot/construktr-mobile
2026-02-10,uchidate/khub
2026-02-10,ulecolombia/ule
2026-02-10,unboard/kanthink
2026-02-10,unibrain1/elanregistry
2026-02-10,upex-galaxy/upex-dojo
2026-02-10,usenix17/ArgoCD
2026-02-10,useshowrun/showrun
2026-02-10,usman-fahimullah/Canopy
2026-02-10,v1sk0/servishub
2026-02-10,valksor/go-toolkit
2026-02-10,vasic-digital/Catalogizer
2026-02-10,vasiliipreida1995-spec/timeflow
2026-02-10,vaskosmihaylov/nfi-custom-strategies
2026-02-10,veighnsche/ralph4days
2026-02-10,venturecrane/crane-console
2026-02-10,vercel/vercel
2026-02-10,verdakode/lovedeathandrobots
2026-02-10,vessenes/clawbuddy
2026-02-10,veup-engineering/mcp-backlight-iconik
2026-02-10,vibefoundry/vibefoundry-ide
2026-02-10,vjr2005/Challenge
2026-02-10,vladgets/RoadMate_flutter
2026-02-10,vladimir-chernikin/sip2
2026-02-10,volcanicsand/multiplication-quiz
2026-02-10,volo10/project-ref
2026-02-10,vonrobak/fedora-homelab-containers
2026-02-10,vortextemporum/cc-generative-nft-art-assistant
2026-02-10,vpescete/odoo_claude_code
2026-02-10,vrishinarepalli/vrishinarepalli
2026-02-10,wado-lang/fpfmt
2026-02-10,wattgod/athlete-custom-training-plan-pipeline
2026-02-10,welfvh/daylight-mirror
2026-02-10,wgsim/claude-glm-wrapper
2026-02-10,whistlegraph/aesthetic-computer
2026-02-10,wichops/racha
2026-02-10,widefox/pmemtester
2026-02-10,williambergmann/claude-code-project-tutorial
2026-02-10,wingedsheep/argentum-engine
2026-02-10,wjin-jang/jangnet.cc
2026-02-10,wukaikevin/aigc-server
2026-02-10,xkonjin/writing-improver
2026-02-10,xtra72/xflow
2026-02-10,xyro-coder/website
2026-02-10,yanggf8/travel-2026
2026-02-10,yangjack8192/vex-mcp-server
2026-02-10,yasaminaali/AI-in-3D-Printing
2026-02-10,yousribouhamed/unitee-app
2026-02-10,yumemio5220/flash-card
2026-02-10,yusukeshib/box
2026-02-10,ywatanabe1989/scitex-writer
2026-02-10,z4rivers/maybecat
2026-02-10,zaccharietardy-dotcom/voyage-planner
2026-02-10,zachsrosen/pb-operations-suite
2026-02-10,zebrastrike/Science-Based-Body
2026-02-10,zepdb/zeppelin
2026-02-10,zerdos/spike-land-nextjs
2026-02-10,zeroae/zae-limiter
2026-02-10,zincdigitalofmiami/rabid-raccoon
2026-02-10,zkNOCTIS/clanker-scanner
2026-02-10,zoharbabin/google-research-mcp
2026-02-10,zologic/ucp-marketplace
2026-02-10,zrobards/avisionforyou
2026-02-10,zwelliver/perimeter-studio-dashboard
